{"_type":"export","__export_format":4,"__export_date":"2022-07-20T11:59:32.409Z","__export_source":"insomnia.desktop.app:v2022.4.2","resources":[{"_id":"req_fd2debcc1c4d48e88f6cd12ecefeadc0","parentId":"wrk_03bb99d2642d4d7690dde3364f1c216a","modified":1658264919511,"created":1658240067144,"url":"https://servicodados.ibge.gov.br/api/v1/localidades/regioes/","name":"Test API Externa","description":"","method":"GET","body":{},"parameters":[],"headers":[],"authentication":{},"metaSortKey":-1658240067144,"isPrivate":false,"settingStoreCookies":true,"settingSendCookies":true,"settingDisableRenderRequestBody":false,"settingEncodeUrl":true,"settingRebuildPath":true,"settingFollowRedirects":"global","_type":"request"},{"_id":"wrk_03bb99d2642d4d7690dde3364f1c216a","parentId":null,"modified":1658245149140,"created":1658147663268,"name":"New Document","description":"","scope":"design","_type":"workspace"},{"_id":"req_2ea33bcad8014bb088625ee4aae25d12","parentId":"fld_163a8a09997c41b298506a6939f8f0b9","modified":1658247036246,"created":1658148081005,"url":"{{baseUrl}}/auth/refresh/{{username}}","name":"Refresh token","description":"Refresh token","method":"PUT","body":{},"parameters":[],"headers":[],"authentication":{"type":"bearer","disabled":false,"token":"{{refreshToken}}","prefix":""},"metaSortKey":-1658148081005,"isPrivate":false,"settingStoreCookies":true,"settingSendCookies":true,"settingDisableRenderRequestBody":false,"settingEncodeUrl":true,"settingRebuildPath":true,"settingFollowRedirects":"global","_type":"request"},{"_id":"fld_163a8a09997c41b298506a6939f8f0b9","parentId":"fld_bfb3784d8f834711a10eadb26902b238","modified":1658148081009,"created":1658148081009,"name":"auth","description":"","environment":{},"environmentPropertyOrder":null,"metaSortKey":-1658148081009,"_type":"request_group"},{"_id":"fld_bfb3784d8f834711a10eadb26902b238","parentId":"wrk_03bb99d2642d4d7690dde3364f1c216a","modified":1658148081017,"created":1658148081017,"name":"Env","description":"Some description about your API.","environment":{"baseUrl":"http://localhost:8080"},"environmentPropertyOrder":null,"metaSortKey":-1658148081017,"_type":"request_group"},{"_id":"req_158a7d3adde34cedbef8382434e6b99d","parentId":"fld_163a8a09997c41b298506a6939f8f0b9","modified":1658267400028,"created":1658148081006,"url":"{{baseUrl}}/auth/signin","name":"Autenticar Token","description":"Autenticar Token","method":"POST","body":{"mimeType":"","text":"{\n    \"username\": \"{{username}}\",\n    \"password\": \"{{password}}\"\n}"},"parameters":[],"headers":[{"name":"Content-Type","value":"application/json","id":"pair_3f2ad5bd481b474099f67714a762530d"}],"authentication":{},"metaSortKey":-1658148081006,"isPrivate":false,"settingStoreCookies":true,"settingSendCookies":true,"settingDisableRenderRequestBody":false,"settingEncodeUrl":true,"settingRebuildPath":true,"settingFollowRedirects":"global","_type":"request"},{"_id":"req_cc873abf07e64d708b5dd976f0c91184","parentId":"fld_c93f0ac47f1645c994dd335d621328d6","modified":1658244919502,"created":1658148081011,"url":"{{baseUrl}}/api/cpp/v1/csv","name":"Upload CSV","description":"Finds all People","method":"POST","body":{"mimeType":"multipart/form-data","params":[{"type":"file","name":"file","disabled":false,"fileName":"C:\\Users\\Erick\\Downloads\\exemplo.csv","id":"pair_71e6b10d224943de9e3e62088d58fcbe"}]},"parameters":[],"headers":[{"name":"Accept","value":"application/json","id":"pair_fc2b3a6e3ccb4eceb911218c9316c278"}],"authentication":{"type":"bearer","disabled":false,"token":"eyJ0eXAiOiJKV1QiLCJhbGciOiJIUzI1NiJ9.eyJzdWIiOiJ0ZXN0ZSIsInJvbGVzIjpbIkFETUlOIiwiTUFOQUdFUiIsIkNPTU1PTl9VU0VSIl0sImlzcyI6Imh0dHA6Ly9sb2NhbGhvc3Q6ODA4MCIsImV4cCI6MTY1ODI0ODQ2MywiaWF0IjoxNjU4MjQ0ODYzfQ.3G9yQeK99SSn7_N7pyYwIlAZvFr33ooyPFSIDVahyJI","prefix":""},"metaSortKey":600,"isPrivate":false,"settingStoreCookies":true,"settingSendCookies":true,"settingDisableRenderRequestBody":false,"settingEncodeUrl":true,"settingRebuildPath":true,"settingFollowRedirects":"global","_type":"request"},{"_id":"fld_c93f0ac47f1645c994dd335d621328d6","parentId":"fld_bfb3784d8f834711a10eadb26902b238","modified":1658148081016,"created":1658148081016,"name":"cpp/v1","description":"","environment":{},"environmentPropertyOrder":null,"metaSortKey":-1658148081016,"_type":"request_group"},{"_id":"req_2bbcc01f826c4fa4ab78530fd63ad458","parentId":"fld_c93f0ac47f1645c994dd335d621328d6","modified":1658171899591,"created":1658148081012,"url":"{{baseUrl}}/api/cpp/v1/:id","name":"Deleta uma regra existente","description":"Deleta uma regra existente","method":"DELETE","body":{},"parameters":[],"headers":[{"name":"Accept","value":"application/json","id":"pair_756c7de1dc954222bf02c834a09f34c8"}],"authentication":{"type":"bearer","disabled":false,"token":"{{accessToken}}","prefix":""},"metaSortKey":700,"isPrivate":false,"settingStoreCookies":true,"settingSendCookies":true,"settingDisableRenderRequestBody":false,"settingEncodeUrl":true,"settingRebuildPath":true,"settingFollowRedirects":"global","_type":"request"},{"_id":"req_354b052f6fb647539307fe1aacc3cb42","parentId":"fld_c93f0ac47f1645c994dd335d621328d6","modified":1658267304603,"created":1658148081012,"url":"{{baseUrl}}/api/cpp/v1","name":"Criar uma nova regra","description":"Criar uma nova regra","method":"POST","body":{"mimeType":"application/json","text":"{\n  \"name\": \"string\",\n  \"createBy\": \"string\",\n  \"cpp\": 23,\n  \"initialDate\": \"2022-07-18T22:48:31.965Z\",\n  \"endDate\": \"2022-07-18T22:48:31.965Z\",\n  \"categoryId\": 1\n}"},"parameters":[],"headers":[{"name":"Content-Type","value":"application/json","id":"pair_5767aac6270545a49e6b1f8eaf70a11c"},{"name":"Accept","value":"application/json","id":"pair_727e9d70e2944762b8ac831508dcf151"}],"authentication":{"type":"bearer","disabled":false,"token":"eyJ0eXAiOiJKV1QiLCJhbGciOiJIUzI1NiJ9.eyJzdWIiOiJ0ZXN0ZSIsInJvbGVzIjpbIkFETUlOIiwiTUFOQUdFUiIsIkNPTU1PTl9VU0VSIl0sImlzcyI6Imh0dHA6Ly9sb2NhbGhvc3Q6ODA4MCIsImV4cCI6MTY1ODI3MDg5NCwiaWF0IjoxNjU4MjY3Mjk0fQ.P980oU866vUHfE3qbTm58dgd2n9kZMu4gOGQMvHTY6A","prefix":""},"metaSortKey":500,"isPrivate":false,"settingStoreCookies":true,"settingSendCookies":true,"settingDisableRenderRequestBody":false,"settingEncodeUrl":true,"settingRebuildPath":true,"settingFollowRedirects":"global","_type":"request"},{"_id":"req_44d4441ed59a4c8884bbcf7542b43941","parentId":"fld_c93f0ac47f1645c994dd335d621328d6","modified":1658318339404,"created":1658148081013,"url":"{{baseUrl}}/api/cpp/v1/185/APRA","name":"Atualizar o status de uma regra","description":"Atualizar o status de uma regra","method":"PUT","body":{"mimeType":"application/json","text":"{\n  \n}"},"parameters":[],"headers":[{"name":"Content-Type","value":"application/json","id":"pair_587c8e6822ef49efa7da42f2d7931079"},{"name":"Accept","value":"application/json","id":"pair_630fba23660a4e6aa55d677f103cdcc1"}],"authentication":{"type":"bearer","disabled":false,"token":"eyJ0eXAiOiJKV1QiLCJhbGciOiJIUzI1NiJ9.eyJzdWIiOiJ0ZXN0ZSIsInJvbGVzIjpbIkFETUlOIiwiTUFOQUdFUiIsIkNPTU1PTl9VU0VSIl0sImlzcyI6Imh0dHA6Ly9sb2NhbGhvc3Q6ODA4MCIsImV4cCI6MTY1ODI3MDg5NCwiaWF0IjoxNjU4MjY3Mjk0fQ.P980oU866vUHfE3qbTm58dgd2n9kZMu4gOGQMvHTY6A","prefix":""},"metaSortKey":650,"isPrivate":false,"settingStoreCookies":true,"settingSendCookies":true,"settingDisableRenderRequestBody":false,"settingEncodeUrl":true,"settingRebuildPath":true,"settingFollowRedirects":"global","_type":"request"},{"_id":"req_479ce17d3b494ccdb1537b5bb1b01e5a","parentId":"fld_c93f0ac47f1645c994dd335d621328d6","modified":1658264766057,"created":1658148081014,"url":"{{baseUrl}}/api/cpp/v1/status/RPRD","name":"Buscar regra por status","description":"Buscar regra por status","method":"GET","body":{},"parameters":[],"headers":[{"name":"Accept","value":"application/json","id":"pair_67b95717abea4062af94258b846698d8"}],"authentication":{"type":"bearer","disabled":false,"token":"eyJ0eXAiOiJKV1QiLCJhbGciOiJIUzI1NiJ9.eyJzdWIiOiJ0ZXN0ZSIsInJvbGVzIjpbIkFETUlOIiwiTUFOQUdFUiIsIkNPTU1PTl9VU0VSIl0sImlzcyI6Imh0dHA6Ly9sb2NhbGhvc3Q6ODA4MCIsImV4cCI6MTY1ODI0OTAwNCwiaWF0IjoxNjU4MjQ1NDA0fQ.F9Z11X4pCnAQ6QiL5JRyFCMrwxp8uoJH-AF3qQ40Rdo","prefix":"ADMIN"},"metaSortKey":200,"isPrivate":false,"settingStoreCookies":true,"settingSendCookies":true,"settingDisableRenderRequestBody":false,"settingEncodeUrl":true,"settingRebuildPath":true,"settingFollowRedirects":"global","_type":"request"},{"_id":"req_650e993a3be04e96ae85dd181d37f8e3","parentId":"fld_c93f0ac47f1645c994dd335d621328d6","modified":1658267372811,"created":1658148081015,"url":"{{baseUrl}}/api/cpp/v1/list","name":"Buscar regras","description":"Buscar regras","method":"GET","body":{},"parameters":[],"headers":[{"name":"Accept","value":"application/json","id":"pair_c43f052b0b084c62987de94a483e444f"}],"authentication":{"type":"bearer","disabled":false,"token":"eyJ0eXAiOiJKV1QiLCJhbGciOiJIUzI1NiJ9.eyJzdWIiOiJ0ZXN0ZSIsInJvbGVzIjpbIkFETUlOIiwiTUFOQUdFUiIsIkNPTU1PTl9VU0VSIl0sImlzcyI6Imh0dHA6Ly9sb2NhbGhvc3Q6ODA4MCIsImV4cCI6MTY1ODI3MDg5NCwiaWF0IjoxNjU4MjY3Mjk0fQ.P980oU866vUHfE3qbTm58dgd2n9kZMu4gOGQMvHTY6A","prefix":""},"metaSortKey":0,"isPrivate":false,"settingStoreCookies":true,"settingSendCookies":true,"settingDisableRenderRequestBody":false,"settingEncodeUrl":true,"settingRebuildPath":true,"settingFollowRedirects":"global","_type":"request"},{"_id":"req_b6ee43d05e564d7490194dc712f873b9","parentId":"fld_7482c0c800ab44c3b6dfc80ddf7d556e","modified":1658245162872,"created":1658148081010,"url":"{{baseUrl}}/api/domain/v1/categories","name":"Buscar categorias","description":"Buscar todas as categorias","method":"GET","body":{},"parameters":[],"headers":[{"name":"Accept","value":"application/json","id":"pair_3e7044857cc64d84827ebf123ceeb97e"}],"authentication":{"type":"bearer","disabled":false,"token":"eyJ0eXAiOiJKV1QiLCJhbGciOiJIUzI1NiJ9.eyJzdWIiOiJ0ZXN0ZSIsInJvbGVzIjpbIkFETUlOIiwiTUFOQUdFUiIsIkNPTU1PTl9VU0VSIl0sImlzcyI6Imh0dHA6Ly9sb2NhbGhvc3Q6ODA4MCIsImV4cCI6MTY1ODI0ODc1NywiaWF0IjoxNjU4MjQ1MTU3fQ.BqJbuV8Ur0DR3YciCV50xxFZcc0mNNRfZSxCjNtTrU0","prefix":""},"metaSortKey":-1658148081116,"isPrivate":false,"settingStoreCookies":true,"settingSendCookies":true,"settingDisableRenderRequestBody":false,"settingEncodeUrl":true,"settingRebuildPath":true,"settingFollowRedirects":"global","_type":"request"},{"_id":"fld_7482c0c800ab44c3b6dfc80ddf7d556e","parentId":"fld_bfb3784d8f834711a10eadb26902b238","modified":1658160238290,"created":1658160234658,"name":"category/v1","description":"","environment":{},"environmentPropertyOrder":null,"metaSortKey":-1658148081066,"_type":"request_group"},{"_id":"req_c608d182d09d4eca9c9674b0a215f357","parentId":"fld_324247b08c06495883a7fa02287373da","modified":1658267361754,"created":1658241845746,"url":"{{baseUrl}}/api/portal/v1/participant?cpf=\"01810432200\"","name":"Buscar API Externa","description":"Buscar todas as categorias","method":"GET","body":{},"parameters":[],"headers":[{"name":"Accept","value":"application/json","id":"pair_3e7044857cc64d84827ebf123ceeb97e"}],"authentication":{"type":"bearer","disabled":false,"token":"eyJ0eXAiOiJKV1QiLCJhbGciOiJIUzI1NiJ9.eyJzdWIiOiJ0ZXN0ZSIsInJvbGVzIjpbIkFETUlOIiwiTUFOQUdFUiIsIkNPTU1PTl9VU0VSIl0sImlzcyI6Imh0dHA6Ly9sb2NhbGhvc3Q6ODA4MCIsImV4cCI6MTY1ODI2ODAxOSwiaWF0IjoxNjU4MjY0NDE5fQ.2X5Cz26wDH_KgtDsrulbVfAt25UrbqaSxmaUfMyTcfY","prefix":""},"metaSortKey":-1658148081061,"isPrivate":false,"settingStoreCookies":true,"settingSendCookies":true,"settingDisableRenderRequestBody":false,"settingEncodeUrl":true,"settingRebuildPath":true,"settingFollowRedirects":"global","_type":"request"},{"_id":"fld_324247b08c06495883a7fa02287373da","parentId":"fld_bfb3784d8f834711a10eadb26902b238","modified":1658267358520,"created":1658267358520,"name":"Consumer","description":"","environment":{},"environmentPropertyOrder":null,"metaSortKey":-1658267358520,"_type":"request_group"},{"_id":"req_32d2255d522342e5b03fcce78bf47461","parentId":"fld_324247b08c06495883a7fa02287373da","modified":1658267366735,"created":1658265669648,"url":"{{baseUrl}}/api/portal/v1/list?cpf=00000000000","name":"Buscar API Externa todos","description":"Buscar todas as categorias","method":"GET","body":{},"parameters":[],"headers":[{"name":"Accept","value":"application/json","id":"pair_3e7044857cc64d84827ebf123ceeb97e"}],"authentication":{"type":"bearer","disabled":false,"token":"eyJ0eXAiOiJKV1QiLCJhbGciOiJIUzI1NiJ9.eyJzdWIiOiJ0ZXN0ZSIsInJvbGVzIjpbIkFETUlOIiwiTUFOQUdFUiIsIkNPTU1PTl9VU0VSIl0sImlzcyI6Imh0dHA6Ly9sb2NhbGhvc3Q6ODA4MCIsImV4cCI6MTY1ODI2ODAxOSwiaWF0IjoxNjU4MjY0NDE5fQ.2X5Cz26wDH_KgtDsrulbVfAt25UrbqaSxmaUfMyTcfY","prefix":""},"metaSortKey":-1658148081011,"isPrivate":false,"settingStoreCookies":true,"settingSendCookies":true,"settingDisableRenderRequestBody":false,"settingEncodeUrl":true,"settingRebuildPath":true,"settingFollowRedirects":"global","_type":"request"},{"_id":"env_9dc8ca851b817b0b5633fcc7c40e95e675c6646f","parentId":"wrk_03bb99d2642d4d7690dde3364f1c216a","modified":1658185466597,"created":1658147663281,"name":"Base Environment","data":{},"dataPropertyOrder":{},"color":null,"isPrivate":false,"metaSortKey":1658147663281,"_type":"environment"},{"_id":"jar_9dc8ca851b817b0b5633fcc7c40e95e675c6646f","parentId":"wrk_03bb99d2642d4d7690dde3364f1c216a","modified":1658187809402,"created":1658147663284,"name":"Default Jar","cookies":[{"key":"JSESSIONID","value":"C41113156123D397ABAF11C06B93BD04","domain":"localhost","path":"/","httpOnly":true,"hostOnly":true,"creation":"2022-07-18T23:43:29.398Z","lastAccessed":"2022-07-18T23:43:29.398Z","id":"6394062809476766"}],"_type":"cookie_jar"},{"_id":"spc_203aad4fb44542a5a3eb6a68a1260e97","parentId":"wrk_03bb99d2642d4d7690dde3364f1c216a","modified":1658160155572,"created":1658147663277,"fileName":"CPP","contents":"","contentType":"yaml","_type":"api_spec"},{"_id":"uts_2633a3b79f3e44e9b13a583413004521","parentId":"wrk_03bb99d2642d4d7690dde3364f1c216a","modified":1658147663288,"created":1658147663288,"name":"Example Test Suite","_type":"unit_test_suite"},{"_id":"env_be14743cda5a419cb3df5041e637f6bc","parentId":"env_9dc8ca851b817b0b5633fcc7c40e95e675c6646f","modified":1658245129625,"created":1658148045349,"name":"Admin","data":{"baseUrl":"http://localhost:8080","username":"teste","password":"admin123","accessToken":"eyJ0eXAiOiJKV1QiLCJhbGciOiJIUzI1NiJ9.eyJzdWIiOiJ0ZXN0ZSIsInJvbGVzIjpbIkFETUlOIiwiTUFOQUdFUiIsIkNPTU1PTl9VU0VSIl0sImlzcyI6Imh0dHA6Ly9sb2NhbGhvc3Q6ODA4MCIsImV4cCI6MTY1ODE4ODk3NCwiaWF0IjoxNjU4MTg1Mzc0fQ.iGmNOpn3z_Fc_U0cTFnO_34bW8nXI5MohDRRv1MLUkw","refreshToken":"eyJ0eXAiOiJKV1QiLCJhbGciOiJIUzI1NiJ9.eyJzdWIiOiJ0ZXN0ZSIsInJvbGVzIjpbIkFETUlOIiwiTUFOQUdFUiIsIkNPTU1PTl9VU0VSIl0sImV4cCI6MTY1NzkyNTE5OX0.ELn2CzDAMgbtJG1GfS1hZajqNpP0k_NllGrd0UwoHRc"},"dataPropertyOrder":{"&":["baseUrl","username","password","accessToken","refreshToken"]},"color":"#7d69cb","isPrivate":false,"metaSortKey":1658148045349,"_type":"environment"},{"_id":"env_590b610b6b5141cb8035f552f2302af9","parentId":"env_9dc8ca851b817b0b5633fcc7c40e95e675c6646f","modified":1658186996512,"created":1658186968064,"name":"Aprovador","data":{"baseUrl":"http://localhost:8080","username":"teste","password":"Aprovador","accessToken":"eyJ0eXAiOiJKV1QiLCJhbGciOiJIUzI1NiJ9.eyJzdWIiOiJ0ZXN0ZSIsInJvbGVzIjpbIkFETUlOIiwiTUFOQUdFUiIsIkNPTU1PTl9VU0VSIl0sImlzcyI6Imh0dHA6Ly9sb2NhbGhvc3Q6ODA4MCIsImV4cCI6MTY1ODE4ODk3NCwiaWF0IjoxNjU4MTg1Mzc0fQ.iGmNOpn3z_Fc_U0cTFnO_34bW8nXI5MohDRRv1MLUkw","refreshToken":"eyJ0eXAiOiJKV1QiLCJhbGciOiJIUzI1NiJ9.eyJzdWIiOiJ0ZXN0ZSIsInJvbGVzIjpbIkFETUlOIiwiTUFOQUdFUiIsIkNPTU1PTl9VU0VSIl0sImV4cCI6MTY1NzkyNTE5OX0.ELn2CzDAMgbtJG1GfS1hZajqNpP0k_NllGrd0UwoHRc"},"dataPropertyOrder":{"&":["baseUrl","username","password","accessToken","refreshToken"]},"color":"#7d69cb","isPrivate":false,"metaSortKey":1658148045399,"_type":"environment"},{"_id":"env_3840372f4a6c4babbda5e0b7701ff24f","parentId":"env_9dc8ca851b817b0b5633fcc7c40e95e675c6646f","modified":1658187002106,"created":1658186968570,"name":"Registrador","data":{"baseUrl":"http://localhost:8080","username":"Cadastro","password":"admin123","accessToken":"eyJ0eXAiOiJKV1QiLCJhbGciOiJIUzI1NiJ9.eyJzdWIiOiJ0ZXN0ZSIsInJvbGVzIjpbIkFETUlOIiwiTUFOQUdFUiIsIkNPTU1PTl9VU0VSIl0sImlzcyI6Imh0dHA6Ly9sb2NhbGhvc3Q6ODA4MCIsImV4cCI6MTY1ODE4ODk3NCwiaWF0IjoxNjU4MTg1Mzc0fQ.iGmNOpn3z_Fc_U0cTFnO_34bW8nXI5MohDRRv1MLUkw","refreshToken":"eyJ0eXAiOiJKV1QiLCJhbGciOiJIUzI1NiJ9.eyJzdWIiOiJ0ZXN0ZSIsInJvbGVzIjpbIkFETUlOIiwiTUFOQUdFUiIsIkNPTU1PTl9VU0VSIl0sImV4cCI6MTY1NzkyNTE5OX0.ELn2CzDAMgbtJG1GfS1hZajqNpP0k_NllGrd0UwoHRc"},"dataPropertyOrder":{"&":["baseUrl","username","password","accessToken","refreshToken"]},"color":"#7d69cb","isPrivate":false,"metaSortKey":1658148045449,"_type":"environment"},{"_id":"env_7cb7a922d24c4a8eb185c4fbaa4dd75f","parentId":"env_9dc8ca851b817b0b5633fcc7c40e95e675c6646f","modified":1658245149139,"created":1658245149139,"name":"Enviroment","data":{"baseUrl":"http://localhost:8080","username":"teste","password":"admin123","accessToken":"","refreshToken":""},"dataPropertyOrder":null,"color":null,"isPrivate":false,"metaSortKey":1658245149139,"_type":"environment"}]}